data/n95-mask/3336.png,2
data/no-mask/00436.png,3
data/improper-mask/01221_Mask_Mouth_Chin.jpg,1
data/cloth-mask/3252.png,0
data/no-mask/00527.png,3
data/cloth-mask/4370.png,0
data/n95-mask/0614.jpg,2
data/surgical-mask/02228_Mask.jpg,4
data/no-mask/00281.png,3
data/improper-mask/01006_Mask_Mouth_Chin.jpg,1
data/cloth-mask/3759.png,0
data/cloth-mask/3500.png,0
data/cloth-mask/3540.png,0
data/surgical-mask/02244_Mask.jpg,4
data/cloth-mask/cloth77.jpeg,0
data/cloth-mask/cloth1.jpg,0
data/improper-mask/01007_Mask_Mouth_Chin.jpg,1
data/no-mask/00519.png,3
data/cloth-mask/3224.png,0
data/improper-mask/01219_Mask_Mouth_Chin.jpg,1
data/improper-mask/01046_Mask_Mouth_Chin.jpg,1
data/surgical-mask/02149_Mask.jpg,4
data/no-mask/00562.png,3
data/cloth-mask/3534.png,0
data/cloth-mask/3528.png,0
data/no-mask/00301.png,3
data/improper-mask/01224_Mask_Mouth_Chin.jpg,1
data/no-mask/00542.png,3
data/no-mask/00404.png,3
data/improper-mask/01087_Mask_Mouth_Chin.jpg,1
data/n95-mask/0934.png,2
data/surgical-mask/02280_Mask.jpg,4
data/improper-mask/01298_Mask_Mouth_Chin.jpg,1
data/cloth-mask/cloth39.jpeg,0
data/surgical-mask/02166_Mask.jpg,4
data/improper-mask/01135_Mask_Chin.jpg,1
data/surgical-mask/02095_Mask.jpg,4
data/improper-mask/01095_Mask_Nose_Mouth.jpg,1
data/surgical-mask/02285_Mask.jpg,4
data/surgical-mask/02091_Mask.jpg,4
data/surgical-mask/0017.jpg,4
data/improper-mask/01042_Mask_Mouth_Chin.jpg,1
data/cloth-mask/cloth17.jpeg,0
data/surgical-mask/02039_Mask.jpg,4
data/cloth-mask/0043.jpg,0
data/surgical-mask/02286_Mask.jpg,4
data/no-mask/00463.png,3
data/surgical-mask/02085_Mask.jpg,4
data/improper-mask/01160_Mask_Mouth_Chin.jpg,1
data/surgical-mask/02288_Mask.jpg,4
data/cloth-mask/2728.png,0
data/cloth-mask/cloth45.jpeg,0
data/no-mask/00286.png,3
data/surgical-mask/02125_Mask.jpg,4
data/improper-mask/01309_Mask_Mouth_Chin.jpg,1
data/surgical-mask/0055.jpg,4
data/n95-mask/0198.jpg,2
data/surgical-mask/02289_Mask.jpg,4
data/surgical-mask/02237_Mask.jpg,4
data/improper-mask/01307_Mask_Mouth_Chin.jpg,1
data/cloth-mask/cloth69.jpeg,0
data/cloth-mask/3527.png,0
data/cloth-mask/0018.jpg,0
data/cloth-mask/0097.png,0
data/surgical-mask/02069_Mask.jpg,4
data/no-mask/00435.png,3
data/surgical-mask/02197_Mask.jpg,4
data/improper-mask/01050_Mask_Mouth_Chin.jpg,1
data/improper-mask/01252_Mask_Nose_Mouth.jpg,1
data/cloth-mask/3390.png,0
data/no-mask/00513.png,3
data/improper-mask/01170_Mask_Mouth_Chin.jpg,1
data/improper-mask/01228_Mask_Chin.jpg,1
data/no-mask/00503.png,3
data/surgical-mask/02003_Mask.jpg,4
data/cloth-mask/2783.png,0
data/cloth-mask/cloth94.jpeg,0
data/cloth-mask/cloth61.jpeg,0
data/surgical-mask/02132_Mask.jpg,4
data/surgical-mask/02254_Mask.jpg,4
data/improper-mask/01171_Mask_Mouth_Chin.jpg,1
data/cloth-mask/cloth26.jpeg,0
data/no-mask/00409.png,3
data/surgical-mask/02026_Mask.jpg,4
data/surgical-mask/02263_Mask.jpg,4
data/no-mask/00297.png,3
data/cloth-mask/cloth74.jpeg,0
data/surgical-mask/02308_Mask.jpg,4
data/surgical-mask/02141_Mask.jpg,4
data/surgical-mask/02160_Mask.jpg,4
data/cloth-mask/cloth48.jpeg,0
data/surgical-mask/02102_Mask.jpg,4
data/improper-mask/01196_Mask_Mouth_Chin.jpg,1
data/surgical-mask/02111_Mask.jpg,4
data/no-mask/00266.png,3
data/surgical-mask/02218_Mask.jpg,4
data/improper-mask/01244_Mask_Nose_Mouth.jpg,1
data/cloth-mask/3556.png,0
data/no-mask/00390.png,3
data/surgical-mask/02265_Mask.jpg,4
data/no-mask/00309.png,3
data/improper-mask/01301_Mask_Mouth_Chin.jpg,1
data/improper-mask/01278_Mask_Mouth_Chin.jpg,1
data/improper-mask/01108_Mask_Mouth_Chin.jpg,1
data/surgical-mask/02260_Mask.jpg,4
data/no-mask/00400.png,3
data/cloth-mask/cloth30.jpeg,0
data/no-mask/00401.png,3
data/cloth-mask/2833.png,0
data/surgical-mask/02062_Mask.jpg,4
data/no-mask/00296.png,3
data/surgical-mask/02066_Mask.jpg,4
data/no-mask/00508.png,3
data/cloth-mask/4042.png,0
data/improper-mask/01237_Mask_Mouth_Chin.jpg,1
data/surgical-mask/02146_Mask.jpg,4
data/no-mask/00529.png,3
data/cloth-mask/4041.png,0
data/cloth-mask/cloth23.jpeg,0
data/improper-mask/01198_Mask_Mouth_Chin.jpg,1
data/surgical-mask/02045_Mask.jpg,4
data/surgical-mask/02310_Mask.jpg,4
data/improper-mask/01289_Mask_Mouth_Chin.jpg,1
data/cloth-mask/3499.png,0
data/surgical-mask/02273_Mask.jpg,4
data/no-mask/00533.png,3
data/surgical-mask/02144_Mask.jpg,4
data/surgical-mask/02015_Mask.jpg,4
data/no-mask/00354.png,3
data/no-mask/00457.png,3
data/improper-mask/01019_Mask_Chin.jpg,1
data/cloth-mask/3056.png,0
data/surgical-mask/02177_Mask.jpg,4
data/improper-mask/01078_Mask_Mouth_Chin.jpg,1
data/improper-mask/01027_Mask_Mouth_Chin.jpg,1
data/cloth-mask/3051.png,0
data/improper-mask/01175_Mask_Mouth_Chin.jpg,1
data/improper-mask/01312_Mask_Mouth_Chin.jpg,1
data/surgical-mask/0100.jpg,4
data/surgical-mask/02207_Mask.jpg,4
data/cloth-mask/3279.png,0
data/no-mask/00470.png,3
data/improper-mask/01099_Mask_Mouth_Chin.jpg,1
data/cloth-mask/cloth12.jpeg,0
data/no-mask/00444.png,3
data/n95-mask/0163.jpg,2
data/cloth-mask/cloth28.jpeg,0
data/improper-mask/01283_Mask_Mouth_Chin.jpg,1
data/surgical-mask/02044_Mask.jpg,4
data/no-mask/00482.png,3
data/no-mask/00440.png,3
data/no-mask/00518.png,3
data/cloth-mask/2902.png,0
data/cloth-mask/3789.png,0
data/n95-mask/0125.jpeg,2
data/cloth-mask/4419.png,0
data/improper-mask/01129_Mask_Mouth_Chin.jpg,1
data/no-mask/00285.png,3
data/n95-mask/0223.jpg,2
data/improper-mask/01268_Mask_Nose_Mouth.jpg,1
data/no-mask/00383.png,3
data/no-mask/00504.png,3
data/cloth-mask/4366.png,0
data/no-mask/00448.png,3
data/improper-mask/01066_Mask_Mouth_Chin.jpg,1
data/improper-mask/01212_Mask_Mouth_Chin.jpg,1
data/cloth-mask/3717.png,0
data/surgical-mask/02311_Mask.jpg,4
data/no-mask/00512.png,3
data/no-mask/00376.png,3
data/surgical-mask/02222_Mask.jpg,4
data/surgical-mask/02230_Mask.jpg,4
data/improper-mask/01273_Mask_Mouth_Chin.jpg,1
data/surgical-mask/02023_Mask.jpg,4
data/improper-mask/01083_Mask_Mouth_Chin.jpg,1
data/no-mask/00492.png,3
data/surgical-mask/02221_Mask.jpg,4
data/no-mask/00343.png,3
data/improper-mask/01048_Mask_Mouth_Chin.jpg,1
data/improper-mask/01184_Mask_Mouth_Chin.jpg,1
data/surgical-mask/02107_Mask.jpg,4
data/surgical-mask/02163_Mask.jpg,4
data/improper-mask/01054_Mask_Mouth_Chin.jpg,1
data/improper-mask/01112_Mask_Mouth_Chin.jpg,1
data/surgical-mask/02030_Mask.jpg,4
data/no-mask/00388.png,3
data/no-mask/00536.png,3
data/surgical-mask/02006_Mask.jpg,4
data/cloth-mask/4313.png,0
data/no-mask/00486.png,3
data/improper-mask/01241_Mask_Nose_Mouth.jpg,1
data/cloth-mask/cloth57.jpeg,0
data/improper-mask/01119_Mask_Mouth_Chin.jpg,1
data/n95-mask/0660.jpg,2
data/improper-mask/01018_Mask_Mouth_Chin.jpg,1
data/no-mask/00484.png,3
data/cloth-mask/3614.png,0
data/no-mask/00274.png,3
data/improper-mask/01194_Mask_Mouth_Chin.jpg,1
data/n95-mask/0003.jpg,2
data/cloth-mask/3526.png,0
data/cloth-mask/3209.png,0
data/improper-mask/01040_Mask_Mouth_Chin.jpg,1
data/cloth-mask/cloth29.jpeg,0
data/improper-mask/01225_Mask_Mouth_Chin.jpg,1
data/cloth-mask/cloth88.jpeg,0
data/surgical-mask/02050_Mask.jpg,4
data/improper-mask/01230_Mask_Mouth_Chin.jpg,1
data/cloth-mask/3054.png,0
data/improper-mask/01269_Mask_Mouth_Chin.jpg,1
data/surgical-mask/02171_Mask.jpg,4
data/cloth-mask/3947.png,0
data/surgical-mask/02268_Mask.jpg,4
data/no-mask/00560.png,3
data/improper-mask/01197_Mask_Mouth_Chin.jpg,1
data/no-mask/00549.png,3
data/cloth-mask/cloth53.jpg,0
data/improper-mask/01275_Mask_Chin.jpg,1
data/cloth-mask/0168.png,0
data/cloth-mask/cloth42.jpeg,0
data/cloth-mask/3453.png,0
data/improper-mask/01025_Mask_Mouth_Chin.jpg,1
data/improper-mask/01284_Mask_Nose_Mouth.jpg,1
data/no-mask/00295.png,3
data/improper-mask/01069_Mask_Mouth_Chin.jpg,1
data/cloth-mask/cloth60.jpeg,0
data/no-mask/00391.png,3
data/cloth-mask/3454.png,0
data/cloth-mask/3619.png,0
data/surgical-mask/02189_Mask.jpg,4
data/no-mask/00493.png,3
data/no-mask/00550.png,3
data/cloth-mask/3914.png,0
data/cloth-mask/2912.png,0
data/n95-mask/1096.jpg,2
data/cloth-mask/0063.jpg,0
data/no-mask/00552.png,3
data/improper-mask/01009_Mask_Mouth_Chin.jpg,1
data/improper-mask/01140_Mask_Mouth_Chin.jpg,1
data/cloth-mask/3555.png,0
data/surgical-mask/02212_Mask.jpg,4
data/improper-mask/01126_Mask_Chin.jpg,1
data/cloth-mask/3345.png,0
data/no-mask/00428.png,3
data/surgical-mask/02170_Mask.jpg,4
data/cloth-mask/2781.png,0
data/cloth-mask/cloth85.jpeg,0
data/no-mask/00273.png,3
data/no-mask/00481.png,3
data/surgical-mask/02165_Mask.jpg,4
data/cloth-mask/2852.png,0
data/n95-mask/0159.jpg,2
data/cloth-mask/3337.png,0
data/improper-mask/01271_Mask_Mouth_Chin.jpg,1
data/cloth-mask/3912.png,0
data/surgical-mask/02128_Mask.jpg,4
data/improper-mask/01148_Mask_Mouth_Chin.jpg,1
data/n95-mask/0212.jpg,2
data/no-mask/00539.png,3
data/surgical-mask/02001_Mask.jpg,4
data/no-mask/00397.png,3
data/cloth-mask/3595.png,0
data/cloth-mask/2723.png,0
data/improper-mask/01274_Mask_Nose_Mouth.jpg,1
data/no-mask/00326.png,3
data/improper-mask/01032_Mask_Mouth_Chin.jpg,1
data/no-mask/00487.png,3
data/surgical-mask/02115_Mask.jpg,4
data/surgical-mask/0004.jpg,4
data/no-mask/00468.png,3
data/surgical-mask/02164_Mask.jpg,4
data/cloth-mask/cloth58.jpeg,0
data/cloth-mask/0096.png,0
data/no-mask/00510.png,3
data/improper-mask/01226_Mask_Mouth_Chin.jpg,1
data/cloth-mask/cloth6.jpeg,0
data/improper-mask/01029_Mask_Mouth_Chin.jpg,1
data/no-mask/00332.png,3
data/surgical-mask/02213_Mask.jpg,4
data/no-mask/00472.png,3
data/surgical-mask/0074.jpg,4
data/no-mask/00403.png,3
data/cloth-mask/4414.png,0
data/no-mask/00307.png,3
data/surgical-mask/02232_Mask.jpg,4
data/surgical-mask/02309_Mask.jpg,4
data/improper-mask/01154_Mask_Mouth_Chin.jpg,1
data/improper-mask/01208_Mask_Mouth_Chin.jpg,1
data/improper-mask/01227_Mask_Mouth_Chin.jpg,1
data/improper-mask/01059_Mask_Nose_Mouth.jpg,1
data/improper-mask/01263_Mask_Chin.jpg,1
data/surgical-mask/02158_Mask.jpg,4
data/no-mask/00304.png,3
data/improper-mask/01300_Mask_Mouth_Chin.jpg,1
data/surgical-mask/02214_Mask.jpg,4
data/no-mask/00389.png,3
data/no-mask/00559.png,3
data/cloth-mask/4198.png,0
data/cloth-mask/cloth38.jpeg,0
data/surgical-mask/02239_Mask.jpg,4
data/surgical-mask/02067_Mask.jpg,4
data/surgical-mask/02290_Mask.jpg,4
data/improper-mask/01258_Mask_Mouth_Chin.jpg,1
data/cloth-mask/3389.png,0
data/no-mask/00310.png,3
data/cloth-mask/3722.png,0
data/cloth-mask/3106.png,0
data/no-mask/00308.png,3
data/no-mask/00506.png,3
data/surgical-mask/02002_Mask.jpg,4
data/surgical-mask/02130_Mask.jpg,4
data/no-mask/00344.png,3
data/no-mask/00339.png,3
data/cloth-mask/3101.png,0
data/improper-mask/01246_Mask_Mouth_Chin.jpg,1
data/no-mask/00375.png,3
data/surgical-mask/02074_Mask.jpg,4
data/cloth-mask/cloth47.jpeg,0
data/improper-mask/01190_Mask_Mouth_Chin.jpg,1
data/surgical-mask/02010_Mask.jpg,4
data/improper-mask/01107_Mask_Mouth_Chin.jpg,1
data/no-mask/00555.png,3
data/cloth-mask/3155.png,0
data/cloth-mask/cloth62.jpeg,0
data/cloth-mask/3438.png,0
data/cloth-mask/3436.png,0
data/no-mask/00402.png,3
data/surgical-mask/02258_Mask.jpg,4
data/surgical-mask/02034_Mask.jpg,4
data/surgical-mask/02133_Mask.jpg,4
data/cloth-mask/cloth50.jpg,0
data/improper-mask/01158_Mask_Mouth_Chin.jpg,1
data/cloth-mask/3659.png,0
data/no-mask/00292.png,3
data/improper-mask/01261_Mask_Mouth_Chin.jpg,1
data/surgical-mask/02235_Mask.jpg,4
data/no-mask/00540.png,3
data/surgical-mask/02098_Mask.jpg,4
data/cloth-mask/4227.png,0
data/no-mask/00494.png,3
data/surgical-mask/02187_Mask.jpg,4
data/improper-mask/01272_Mask_Chin.jpg,1
data/surgical-mask/0067.jpg,4
data/improper-mask/01290_Mask_Mouth_Chin.jpg,1
data/no-mask/00280.png,3
data/surgical-mask/02190_Mask.jpg,4
data/cloth-mask/3396.png,0
data/no-mask/00535.png,3
data/no-mask/00488.png,3
data/no-mask/00363.png,3
data/surgical-mask/02252_Mask.jpg,4
data/surgical-mask/02059_Mask.jpg,4
data/cloth-mask/3162.png,0
data/surgical-mask/0066.jpg,4
data/no-mask/00271.png,3
data/no-mask/00348.png,3
data/surgical-mask/02313_Mask.jpg,4
data/no-mask/00269.png,3
data/surgical-mask/02233_Mask.jpg,4
data/no-mask/00345.png,3
data/improper-mask/01031_Mask_Nose_Mouth.jpg,1
data/no-mask/00465.png,3
data/cloth-mask/4031.png,0
data/no-mask/00426.png,3
data/surgical-mask/02113_Mask.jpg,4
data/cloth-mask/2925.png,0
data/surgical-mask/02205_Mask.jpg,4
data/improper-mask/01047_Mask_Mouth_Chin.jpg,1
data/improper-mask/01014_Mask_Mouth_Chin.jpg,1
data/cloth-mask/cloth44.jpg,0
data/surgical-mask/02077_Mask.jpg,4
data/improper-mask/01292_Mask_Mouth_Chin.jpg,1
data/improper-mask/01280_Mask_Mouth_Chin.jpg,1
data/surgical-mask/02259_Mask.jpg,4
data/no-mask/00557.png,3
data/cloth-mask/cloth84.jpeg,0
data/improper-mask/01147_Mask_Mouth_Chin.jpg,1
data/no-mask/00410.png,3
data/surgical-mask/02157_Mask.jpg,4
data/surgical-mask/02306_Mask.jpg,4
data/improper-mask/01233_Mask_Mouth_Chin.jpg,1
data/cloth-mask/2897.png,0
data/no-mask/00265.png,3
data/cloth-mask/2913.png,0
data/cloth-mask/cloth16.jpeg,0
data/cloth-mask/3536.png,0
data/surgical-mask/02009_Mask.jpg,4
data/cloth-mask/3530.png,0
data/improper-mask/01199_Mask_Mouth_Chin.jpg,1
data/surgical-mask/02037_Mask.jpg,4
data/improper-mask/01028_Mask_Mouth_Chin.jpg,1
data/surgical-mask/02281_Mask.jpg,4
data/no-mask/00532.png,3
data/cloth-mask/cloth52.jpeg,0
data/cloth-mask/3533.png,0
data/cloth-mask/3929.png,0
data/improper-mask/01279_Mask_Mouth_Chin.jpg,1
data/surgical-mask/02156_Mask.jpg,4
data/no-mask/00349.png,3
data/improper-mask/01139_Mask_Mouth_Chin.jpg,1
data/surgical-mask/02173_Mask.jpg,4
data/improper-mask/01210_Mask_Mouth_Chin.jpg,1
data/improper-mask/01021_Mask_Chin.jpg,1
data/no-mask/00437.png,3
data/no-mask/00406.png,3
data/improper-mask/01256_Mask_Mouth_Chin.jpg,1
data/improper-mask/01110_Mask_Mouth_Chin.jpg,1
data/no-mask/00525.png,3
data/improper-mask/01123_Mask_Mouth_Chin.jpg,1
data/surgical-mask/02267_Mask.jpg,4
data/cloth-mask/cloth5.jpeg,0
data/no-mask/00355.png,3
data/surgical-mask/02283_Mask.jpg,4
data/surgical-mask/02305_Mask.jpg,4
data/no-mask/00498.png,3
data/cloth-mask/3338.png,0
data/cloth-mask/2991.png,0
data/cloth-mask/3743.png,0
data/no-mask/00379.png,3
data/surgical-mask/02295_Mask.jpg,4
data/surgical-mask/02251_Mask.jpg,4
data/no-mask/00462.png,3
data/improper-mask/01211_Mask_Mouth_Chin.jpg,1
data/cloth-mask/cloth87.jpeg,0
data/surgical-mask/02127_Mask.jpg,4
data/no-mask/00473.png,3
data/no-mask/00362.png,3
data/no-mask/00483.png,3
data/cloth-mask/cloth27.jpeg,0
data/improper-mask/01089_Mask_Mouth_Chin.jpg,1
data/no-mask/00522.png,3
data/no-mask/00453.png,3
data/surgical-mask/02092_Mask.jpg,4
data/improper-mask/01038_Mask_Mouth_Chin.jpg,1
data/surgical-mask/02131_Mask.jpg,4
data/surgical-mask/02193_Mask.jpg,4
data/improper-mask/01243_Mask_Mouth_Chin.jpg,1
data/surgical-mask/02264_Mask.jpg,4
data/no-mask/00477.png,3
data/improper-mask/01286_Mask_Mouth_Chin.jpg,1
data/improper-mask/01304_Mask_Mouth_Chin.jpg,1
data/surgical-mask/02186_Mask.jpg,4
data/cloth-mask/cloth46.jpeg,0
data/improper-mask/01003_Mask_Mouth_Chin.jpg,1
data/cloth-mask/cloth24.jpeg,0
data/no-mask/00331.png,3
data/no-mask/00464.png,3
data/cloth-mask/4258.png,0
data/no-mask/00443.png,3
data/no-mask/00370.png,3
data/cloth-mask/3764.png,0
data/surgical-mask/02216_Mask.jpg,4
data/surgical-mask/02246_Mask.jpg,4
data/surgical-mask/0110.jpg,4
data/improper-mask/01051_Mask_Mouth_Chin.jpg,1
data/surgical-mask/02298_Mask.jpg,4
data/improper-mask/01195_Mask_Mouth_Chin.jpg,1
data/cloth-mask/2855.png,0
data/improper-mask/01120_Mask_Chin.jpg,1
data/cloth-mask/2989.png,0
data/cloth-mask/cloth97.jpeg,0
data/improper-mask/01205_Mask_Mouth_Chin.jpg,1
data/improper-mask/01116_Mask_Nose_Mouth.jpg,1
data/surgical-mask/02153_Mask.jpg,4
data/improper-mask/01016_Mask_Mouth_Chin.jpg,1
data/cloth-mask/cloth7.jpeg,0
data/no-mask/00450.png,3
data/cloth-mask/3708.png,0
data/no-mask/00316.png,3
data/cloth-mask/cloth19.jpeg,0
data/cloth-mask/cloth22.jpeg,0
data/improper-mask/01172_Mask_Mouth_Chin.jpg,1
data/surgical-mask/02117_Mask.jpg,4
data/cloth-mask/2911.png,0
data/improper-mask/01178_Mask_Mouth_Chin.jpg,1
data/cloth-mask/cloth89.jpg,0
data/improper-mask/01231_Mask_Mouth_Chin.jpg,1
data/cloth-mask/cloth91.jpeg,0
data/surgical-mask/02087_Mask.jpg,4
data/no-mask/00380.png,3
data/surgical-mask/02220_Mask.jpg,4
data/improper-mask/01220_Mask_Mouth_Chin.jpg,1
data/no-mask/00501.png,3
data/cloth-mask/3298.png,0
data/cloth-mask/3763.png,0
data/improper-mask/01022_Mask_Nose_Mouth.jpg,1
data/no-mask/00469.png,3
data/cloth-mask/3617.png,0
data/cloth-mask/cloth41.jpeg,0
data/no-mask/00524.png,3
data/no-mask/00458.png,3
data/n95-mask/0166.jpg,2
data/cloth-mask/3750.png,0
data/no-mask/00538.png,3
data/improper-mask/01137_Mask_Mouth_Chin.jpg,1
data/no-mask/00414.png,3
data/cloth-mask/cloth54.jpeg,0
data/cloth-mask/3996.png,0
data/n95-mask/0592.jpg,2
data/cloth-mask/3827.png,0
data/improper-mask/01282_Mask_Mouth_Chin.jpg,1
data/surgical-mask/02076_Mask.jpg,4
data/cloth-mask/cloth18.jpeg,0
data/no-mask/00517.png,3
data/improper-mask/01052_Mask_Mouth_Chin.jpg,1
data/no-mask/00395.png,3
data/no-mask/00445.png,3
data/no-mask/00386.png,3
data/cloth-mask/2892.png,0
data/improper-mask/01303_Mask_Mouth_Chin.jpg,1
data/improper-mask/01088_Mask_Mouth_Chin.jpg,1
data/surgical-mask/02080_Mask.jpg,4
data/cloth-mask/4371.png,0
data/no-mask/00398.png,3
data/improper-mask/01133_Mask_Mouth_Chin.jpg,1
data/no-mask/00264.png,3
data/surgical-mask/02229_Mask.jpg,4
data/no-mask/00523.png,3
data/improper-mask/01071_Mask_Mouth_Chin.jpg,1
data/surgical-mask/02053_Mask.jpg,4
data/improper-mask/01202_Mask_Mouth_Chin.jpg,1
data/surgical-mask/02000_Mask.jpg,4
data/surgical-mask/02118_Mask.jpg,4
data/cloth-mask/3171.png,0
data/improper-mask/01189_Mask_Mouth_Chin.jpg,1
data/improper-mask/01106_Mask_Mouth_Chin.jpg,1
data/n95-mask/5194.jpg,2
data/surgical-mask/02007_Mask.jpg,4
data/no-mask/00382.png,3
data/no-mask/00454.png,3
data/no-mask/00327.png,3
data/improper-mask/01152_Mask_Mouth_Chin.jpg,1
data/improper-mask/01062_Mask_Mouth_Chin.jpg,1
data/surgical-mask/02049_Mask.jpg,4
data/surgical-mask/02247_Mask.jpg,4
data/surgical-mask/02162_Mask.jpg,4
data/improper-mask/01164_Mask_Mouth_Chin.jpg,1
data/cloth-mask/4009.png,0
data/surgical-mask/02210_Mask.jpg,4
data/improper-mask/01098_Mask_Mouth_Chin.jpg,1
data/no-mask/00515.png,3
data/surgical-mask/02036_Mask.jpg,4
data/surgical-mask/02121_Mask.jpg,4
data/no-mask/00315.png,3
data/cloth-mask/cloth15.jpeg,0
data/surgical-mask/02296_Mask.jpg,4
data/improper-mask/01131_Mask_Nose_Mouth.jpg,1
data/cloth-mask/cloth68.jpeg,0
data/no-mask/00342.png,3
data/cloth-mask/4320.png,0
data/no-mask/00270.png,3
data/improper-mask/01223_Mask_Mouth_Chin.jpg,1
data/cloth-mask/3537.png,0
data/surgical-mask/02101_Mask.jpg,4
data/no-mask/00485.png,3
data/improper-mask/01306_Mask_Mouth_Chin.jpg,1
data/no-mask/00303.png,3
data/cloth-mask/3588.png,0
data/surgical-mask/02161_Mask.jpg,4
data/no-mask/00514.png,3
data/improper-mask/01010_Mask_Mouth_Chin.jpg,1
data/no-mask/00324.png,3
data/improper-mask/01058_Mask_Nose_Mouth.jpg,1
data/cloth-mask/2835.png,0
data/no-mask/00298.png,3
data/cloth-mask/cloth75.jpg,0
data/improper-mask/01218_Mask_Mouth_Chin.jpg,1
data/surgical-mask/02022_Mask.jpg,4
data/surgical-mask/02269_Mask.jpg,4
data/improper-mask/01238_Mask_Mouth_Chin.jpg,1
data/improper-mask/01287_Mask_Mouth_Chin.jpg,1
data/no-mask/00456.png,3
data/cloth-mask/3105.png,0
data/no-mask/00366.png,3
data/cloth-mask/cloth59.jpeg,0
data/no-mask/00471.png,3
data/no-mask/00396.png,3
data/no-mask/00329.png,3
data/surgical-mask/02292_Mask.jpg,4
data/no-mask/00405.png,3
data/n95-mask/000.jpg,2
data/improper-mask/01100_Mask_Mouth_Chin.jpg,1
data/improper-mask/01080_Mask_Mouth_Chin.jpg,1
data/improper-mask/01166_Mask_Mouth_Chin.jpg,1
data/surgical-mask/02300_Mask.jpg,4
data/surgical-mask/02256_Mask.jpg,4
data/improper-mask/01254_Mask_Mouth_Chin.jpg,1
data/cloth-mask/3496.png,0
data/no-mask/00479.png,3
data/no-mask/00325.png,3
data/surgical-mask/02224_Mask.jpg,4
data/surgical-mask/02180_Mask.jpg,4
data/no-mask/00283.png,3
data/no-mask/00313.png,3
data/improper-mask/01086_Mask_Mouth_Chin.jpg,1
data/surgical-mask/02024_Mask.jpg,4
data/cloth-mask/3716.png,0
data/cloth-mask/3850.png,0
data/no-mask/00449.png,3
data/surgical-mask/02297_Mask.jpg,4
data/cloth-mask/3215.png,0
data/no-mask/00429.png,3
data/improper-mask/01156_Mask_Chin.jpg,1
data/cloth-mask/2664.png,0
data/no-mask/00399.png,3
data/improper-mask/01222_Mask_Mouth_Chin.jpg,1
data/no-mask/00330.png,3
data/cloth-mask/2965.png,0
data/n95-mask/0265.jpg,2
data/surgical-mask/0071.jpg,4
data/improper-mask/01161_Mask_Mouth_Chin.jpg,1
data/cloth-mask/3440.png,0
data/surgical-mask/02047_Mask.jpg,4
data/surgical-mask/02284_Mask.jpg,4
data/improper-mask/01163_Mask_Mouth_Chin.jpg,1
data/no-mask/00475.png,3
data/cloth-mask/3344.png,0
data/cloth-mask/cloth83.jpg,0
data/surgical-mask/02042_Mask.jpg,4
data/surgical-mask/02112_Mask.jpg,4
data/improper-mask/01257_Mask_Chin.jpg,1
data/surgical-mask/02242_Mask.jpg,4
data/surgical-mask/02016_Mask.jpg,4
data/surgical-mask/02302_Mask.jpg,4
data/no-mask/00277.png,3
data/no-mask/00427.png,3
data/improper-mask/01204_Mask_Chin.jpg,1
data/no-mask/00392.png,3
data/no-mask/00554.png,3
data/surgical-mask/02291_Mask.jpg,4
data/improper-mask/01023_Mask_Mouth_Chin.jpg,1
data/no-mask/00430.png,3
data/cloth-mask/3354.png,0
data/improper-mask/01157_Mask_Mouth_Chin.jpg,1
data/no-mask/00530.png,3
data/cloth-mask/cloth73.jpeg,0
data/surgical-mask/0006.jpg,4
data/surgical-mask/02191_Mask.jpg,4
data/n95-mask/3706.png,2
data/no-mask/00466.png,3
data/no-mask/00288.png,3
data/surgical-mask/02195_Mask.jpg,4
data/surgical-mask/02103_Mask.jpg,4
data/surgical-mask/02094_Mask.jpg,4
data/improper-mask/01136_Mask_Mouth_Chin.jpg,1
data/no-mask/00306.png,3
data/surgical-mask/02063_Mask.jpg,4
data/cloth-mask/4029.png,0
data/surgical-mask/02073_Mask.jpg,4
data/n95-mask/0197.png,2
data/no-mask/00476.png,3
data/cloth-mask/3532.png,0
data/surgical-mask/02219_Mask.jpg,4
data/surgical-mask/02287_Mask.jpg,4
data/cloth-mask/3395.png,0
data/improper-mask/01259_Mask_Mouth_Chin.jpg,1
data/cloth-mask/3969.png,0
data/surgical-mask/02174_Mask.jpg,4
data/surgical-mask/02086_Mask.jpg,4
data/no-mask/00411.png,3
data/surgical-mask/02234_Mask.jpg,4
data/surgical-mask/02274_Mask.jpg,4
data/improper-mask/01141_Mask_Nose_Mouth.jpg,1
data/no-mask/00346.png,3
data/no-mask/00551.png,3
data/no-mask/00347.png,3
data/improper-mask/01209_Mask_Mouth_Chin.jpg,1
data/no-mask/00416.png,3
data/cloth-mask/cloth64.jpeg,0
data/surgical-mask/02060_Mask.jpg,4
data/improper-mask/01187_Mask_Mouth_Chin.jpg,1
data/no-mask/00490.png,3
data/cloth-mask/0116.png,0
data/no-mask/00322.png,3
data/improper-mask/01207_Mask_Mouth_Chin.jpg,1
data/cloth-mask/cloth4.jpeg,0
data/surgical-mask/02119_Mask.jpg,4
data/improper-mask/01229_Mask_Nose_Mouth.jpg,1
data/surgical-mask/02078_Mask.jpg,4
data/no-mask/00321.png,3
data/improper-mask/01186_Mask_Mouth_Chin.jpg,1
data/surgical-mask/02004_Mask.jpg,4
data/cloth-mask/3065.png,0
data/cloth-mask/cloth56.jpeg,0
data/cloth-mask/cloth76.jpg,0
data/improper-mask/01004_Mask_Mouth_Chin.jpg,1
data/cloth-mask/2727.png,0
data/improper-mask/01093_Mask_Mouth_Chin.jpg,1
data/no-mask/00276.png,3
data/cloth-mask/cloth95.jpeg,0
data/improper-mask/01294_Mask_Nose_Mouth.jpg,1
data/surgical-mask/02181_Mask.jpg,4
data/cloth-mask/3658.png,0
data/improper-mask/01064_Mask_Mouth_Chin.jpg,1
data/no-mask/00545.png,3
data/cloth-mask/cloth33.jpeg,0
data/no-mask/00294.png,3
data/cloth-mask/cloth80.jpeg,0
data/no-mask/00561.png,3
data/surgical-mask/02019_Mask.jpg,4
data/improper-mask/01114_Mask_Mouth_Chin.jpg,1
data/surgical-mask/0107.png,4
data/cloth-mask/2836.png,0
data/improper-mask/01037_Mask_Mouth_Chin.jpg,1
data/cloth-mask/3342.png,0
data/cloth-mask/cloth2.jpeg,0
data/surgical-mask/02089_Mask.jpg,4
data/surgical-mask/02126_Mask.jpg,4
data/surgical-mask/02124_Mask.jpg,4
data/no-mask/00317.png,3
data/improper-mask/01061_Mask_Mouth_Chin.jpg,1
data/cloth-mask/cloth14.jpeg,0
data/no-mask/00543.png,3
data/surgical-mask/02217_Mask.jpg,4
data/improper-mask/01177_Mask_Mouth_Chin.jpg,1
data/improper-mask/01068_Mask_Mouth_Chin.jpg,1
data/surgical-mask/02236_Mask.jpg,4
data/cloth-mask/3751.png,0
data/improper-mask/01265_Mask_Mouth_Chin.jpg,1
data/surgical-mask/02226_Mask.jpg,4
data/no-mask/00534.png,3
data/improper-mask/01085_Mask_Mouth_Chin.jpg,1
data/improper-mask/01203_Mask_Mouth_Chin.jpg,1
data/improper-mask/01239_Mask_Mouth_Chin.jpg,1
data/cloth-mask/cloth82.jpeg,0
data/no-mask/00528.png,3
data/surgical-mask/02225_Mask.jpg,4
data/cloth-mask/3153.png,0
data/improper-mask/01073_Mask_Mouth_Chin.jpg,1
data/surgical-mask/02188_Mask.jpg,4
data/improper-mask/01181_Mask_Mouth_Chin.jpg,1
data/surgical-mask/02176_Mask.jpg,4
data/cloth-mask/3529.png,0
data/no-mask/00377.png,3
data/cloth-mask/0054.jpg,0
data/surgical-mask/02105_Mask.jpg,4
data/surgical-mask/02071_Mask.jpg,4
data/no-mask/00415.png,3
data/surgical-mask/02266_Mask.jpg,4
data/surgical-mask/02028_Mask.jpg,4
data/surgical-mask/02041_Mask.jpg,4
data/improper-mask/01072_Mask_Mouth_Chin.jpg,1
data/surgical-mask/02040_Mask.jpg,4
data/surgical-mask/02303_Mask.jpg,4
data/cloth-mask/cloth35.jpeg,0
data/cloth-mask/4125.png,0
data/no-mask/00320.png,3
data/cloth-mask/4244.png,0
data/cloth-mask/3952.png,0
data/surgical-mask/02152_Mask.jpg,4
data/surgical-mask/02011_Mask.jpg,4
data/improper-mask/01317_Mask_Mouth_Chin.jpg,1
data/surgical-mask/02106_Mask.jpg,4
data/surgical-mask/02307_Mask.jpg,4
data/surgical-mask/0029.jpg,4
data/cloth-mask/cloth36.jpeg,0
data/surgical-mask/0027.jpg,4
data/surgical-mask/02262_Mask.jpg,4
data/n95-mask/0384.jpg,2
data/cloth-mask/3325.png,0
data/surgical-mask/02223_Mask.jpg,4
data/improper-mask/01044_Mask_Mouth_Chin.jpg,1
data/n95-mask/1083.jpg,2
data/surgical-mask/0042.jpg,4
data/no-mask/00350.png,3
data/improper-mask/01206_Mask_Mouth_Chin.jpg,1
data/cloth-mask/3226.png,0
data/surgical-mask/02082_Mask.jpg,4
data/surgical-mask/02093_Mask.jpg,4
data/no-mask/00387.png,3
data/cloth-mask/cloth55.jpeg,0
data/surgical-mask/02109_Mask.jpg,4
data/surgical-mask/02249_Mask.jpg,4
data/no-mask/00267.png,3
data/surgical-mask/02178_Mask.jpg,4
data/improper-mask/01115_Mask_Mouth_Chin.jpg,1
data/improper-mask/01182_Mask_Chin.jpg,1
data/cloth-mask/3275.png,0
data/cloth-mask/4204.png,0
data/cloth-mask/3662.png,0
data/no-mask/00424.png,3
data/no-mask/00394.png,3
data/improper-mask/01103_Mask_Mouth_Chin.jpg,1
data/cloth-mask/3216.png,0
data/surgical-mask/02145_Mask.jpg,4
data/surgical-mask/02137_Mask.jpg,4
data/no-mask/00556.png,3
data/no-mask/00531.png,3
data/improper-mask/01149_Mask_Nose_Mouth.jpg,1
data/no-mask/00338.png,3
data/no-mask/00302.png,3
data/no-mask/00359.png,3
data/cloth-mask/4369.png,0
data/improper-mask/01104_Mask_Mouth_Chin.jpg,1
data/surgical-mask/02100_Mask.jpg,4
data/improper-mask/01034_Mask_Mouth_Chin.jpg,1
data/no-mask/00446.png,3
data/cloth-mask/3563.png,0
data/improper-mask/01153_Mask_Mouth_Chin.jpg,1
data/improper-mask/01033_Mask_Mouth_Chin.jpg,1
data/surgical-mask/02150_Mask.jpg,4
data/improper-mask/01124_Mask_Mouth_Chin.jpg,1
data/no-mask/00385.png,3
data/cloth-mask/2782.png,0
data/cloth-mask/cloth79.jpeg,0
data/no-mask/00495.png,3
data/no-mask/00408.png,3
data/improper-mask/01094_Mask_Mouth_Chin.jpg,1
data/no-mask/00319.png,3
data/cloth-mask/4286.png,0
data/improper-mask/01214_Mask_Chin.jpg,1
data/cloth-mask/3497.png,0
data/improper-mask/01260_Mask_Mouth_Chin.jpg,1
data/cloth-mask/3429.png,0
data/improper-mask/01262_Mask_Nose_Mouth.jpg,1
data/cloth-mask/4287.png,0
data/no-mask/00546.png,3
data/cloth-mask/3964.png,0
data/improper-mask/01216_Mask_Mouth_Chin.jpg,1
data/improper-mask/01130_Mask_Nose_Mouth.jpg,1
data/no-mask/00364.png,3
data/surgical-mask/0106.png,4
data/improper-mask/01128_Mask_Mouth_Chin.jpg,1
data/cloth-mask/2784.png,0
data/improper-mask/01167_Mask_Mouth_Chin.jpg,1
data/cloth-mask/3842.png,0
data/no-mask/00547.png,3
data/improper-mask/01293_Mask_Mouth_Chin.jpg,1
data/improper-mask/01242_Mask_Mouth_Chin.jpg,1
data/improper-mask/01169_Mask_Mouth_Chin.jpg,1
data/improper-mask/01109_Mask_Mouth_Chin.jpg,1
data/cloth-mask/3168.png,0
data/surgical-mask/02211_Mask.jpg,4
data/surgical-mask/02061_Mask.jpg,4
data/cloth-mask/3100.png,0
data/cloth-mask/cloth11.jpeg,0
data/improper-mask/01082_Mask_Mouth_Chin.jpg,1
data/improper-mask/01076_Mask_Mouth_Chin.jpg,1
data/no-mask/00279.png,3
data/improper-mask/01191_Mask_Mouth_Chin.jpg,1
data/improper-mask/01234_Mask_Mouth_Chin.jpg,1
data/surgical-mask/02151_Mask.jpg,4
data/cloth-mask/3920.png,0
data/cloth-mask/3394.png,0
data/improper-mask/01215_Mask_Nose_Mouth.jpg,1
data/cloth-mask/cloth8.jpeg,0
data/improper-mask/01247_Mask_Mouth_Chin.jpg,1
data/improper-mask/01266_Mask_Mouth_Chin.jpg,1
data/surgical-mask/02185_Mask.jpg,4
data/surgical-mask/0109.png,4
data/cloth-mask/cloth51.jpg,0
data/cloth-mask/cloth37.jpeg,0
data/no-mask/00299.png,3
data/no-mask/00305.png,3
data/n95-mask/0261.jpg,2
data/cloth-mask/cloth66.jpeg,0
data/surgical-mask/02175_Mask.jpg,4
data/surgical-mask/02168_Mask.jpg,4
data/surgical-mask/02058_Mask.jpg,4
data/no-mask/00369.png,3
data/cloth-mask/4168.png,0
data/cloth-mask/3703.png,0
data/surgical-mask/02204_Mask.jpg,4
data/no-mask/00509.png,3
data/no-mask/00278.png,3
data/cloth-mask/3225.png,0
data/cloth-mask/3284.png,0
data/improper-mask/01063_Mask_Nose_Mouth.jpg,1
data/no-mask/00438.png,3
data/no-mask/00434.png,3
data/improper-mask/01138_Mask_Mouth_Chin.jpg,1
data/cloth-mask/3921.png,0
data/surgical-mask/02020_Mask.jpg,4
data/improper-mask/01125_Mask_Nose_Mouth.jpg,1
data/no-mask/00491.png,3
data/surgical-mask/02159_Mask.jpg,4
data/no-mask/00520.png,3
data/surgical-mask/02257_Mask.jpg,4
data/cloth-mask/4184.png,0
data/surgical-mask/02293_Mask.jpg,4
data/improper-mask/01011_Mask_Mouth_Chin.jpg,1
data/no-mask/00516.png,3
data/improper-mask/01310_Mask_Chin.jpg,1
data/cloth-mask/3055.png,0
data/no-mask/00548.png,3
data/improper-mask/01159_Mask_Mouth_Chin.jpg,1
data/improper-mask/01117_Mask_Mouth_Chin.jpg,1
data/improper-mask/01075_Mask_Mouth_Chin.jpg,1
data/cloth-mask/3111.png,0
data/improper-mask/01276_Mask_Mouth_Chin.jpg,1
data/surgical-mask/02142_Mask.jpg,4
data/no-mask/00460.png,3
data/no-mask/00421.png,3
data/no-mask/00496.png,3
data/improper-mask/01305_Mask_Mouth_Chin.jpg,1
data/n95-mask/006.jpg,2
data/no-mask/00425.png,3
data/improper-mask/01267_Mask_Mouth_Chin.jpg,1
data/cloth-mask/3451.png,0
data/cloth-mask/3447.png,0
data/no-mask/00558.png,3
data/improper-mask/01041_Mask_Mouth_Chin.jpg,1
data/no-mask/00433.png,3
data/no-mask/00497.png,3
data/cloth-mask/2899.png,0
data/surgical-mask/02183_Mask.jpg,4
data/improper-mask/01213_Mask_Mouth_Chin.jpg,1
data/improper-mask/01151_Mask_Mouth_Chin.jpg,1
data/improper-mask/01200_Mask_Mouth_Chin.jpg,1
data/improper-mask/01074_Mask_Mouth_Chin.jpg,1
data/improper-mask/01113_Mask_Mouth_Chin.jpg,1
data/no-mask/00357.png,3
data/improper-mask/01039_Mask_Nose_Mouth.jpg,1
data/surgical-mask/02035_Mask.jpg,4
data/surgical-mask/02282_Mask.jpg,4
data/cloth-mask/3257.png,0
data/improper-mask/01192_Mask_Mouth_Chin.jpg,1
data/no-mask/00311.png,3
data/cloth-mask/3965.png,0
data/improper-mask/01240_Mask_Mouth_Chin.jpg,1
data/surgical-mask/02255_Mask.jpg,4
data/no-mask/00418.png,3
data/surgical-mask/02261_Mask.jpg,4
data/improper-mask/01232_Mask_Mouth_Chin.jpg,1
data/cloth-mask/cloth90.jpeg,0
data/no-mask/00505.png,3
data/no-mask/00489.png,3
data/cloth-mask/3787.png,0
data/improper-mask/01277_Mask_Mouth_Chin.jpg,1
data/improper-mask/01302_Mask_Mouth_Chin.jpg,1
data/cloth-mask/cloth9.jpeg,0
data/improper-mask/01146_Mask_Chin.jpg,1
data/no-mask/00272.png,3
data/cloth-mask/cloth25.jpeg,0
data/improper-mask/01067_Mask_Mouth_Chin.jpg,1
data/n95-mask/0202.jpg,2
data/surgical-mask/02147_Mask.jpg,4
data/cloth-mask/cloth100.jpeg,0
data/surgical-mask/02088_Mask.jpg,4
data/cloth-mask/cloth65.jpeg,0
data/improper-mask/01132_Mask_Mouth_Chin.jpg,1
data/cloth-mask/3830.png,0
data/no-mask/00441.png,3
data/cloth-mask/4112.png,0
data/cloth-mask/3069.png,0
data/no-mask/00360.png,3
data/no-mask/00553.png,3
data/surgical-mask/02108_Mask.jpg,4
data/surgical-mask/02201_Mask.jpg,4
data/improper-mask/01122_Mask_Mouth_Chin.jpg,1
data/cloth-mask/3720.png,0
data/surgical-mask/0095.png,4
data/surgical-mask/02227_Mask.jpg,4
data/cloth-mask/3102.png,0
data/improper-mask/01188_Mask_Mouth_Chin.jpg,1
data/no-mask/00455.png,3
data/no-mask/00323.png,3
data/cloth-mask/cloth20.jpeg,0
data/surgical-mask/02276_Mask.jpg,4
data/surgical-mask/02046_Mask.jpg,4
data/improper-mask/01311_Mask_Mouth_Chin.jpg,1
data/improper-mask/01081_Mask_Mouth_Chin.jpg,1
data/surgical-mask/0062.jpg,4
data/no-mask/00439.png,3
data/improper-mask/01162_Mask_Mouth_Chin.jpg,1
data/cloth-mask/cloth93.jpeg,0
data/no-mask/00353.png,3
data/surgical-mask/02215_Mask.jpg,4
data/surgical-mask/02122_Mask.jpg,4
data/improper-mask/01057_Mask_Mouth_Chin.jpg,1
data/cloth-mask/3107.png,0
data/surgical-mask/02277_Mask.jpg,4
data/cloth-mask/3873.png,0
data/no-mask/00268.png,3
data/surgical-mask/02025_Mask.jpg,4
data/no-mask/00289.png,3
data/improper-mask/01245_Mask_Mouth_Chin.jpg,1
data/improper-mask/01217_Mask_Nose_Mouth.jpg,1
data/improper-mask/01017_Mask_Mouth_Chin.jpg,1
data/no-mask/00300.png,3
data/surgical-mask/02138_Mask.jpg,4
data/improper-mask/01118_Mask_Mouth_Chin.jpg,1
data/surgical-mask/02206_Mask.jpg,4
data/cloth-mask/cloth78.jpeg,0
data/improper-mask/01127_Mask_Mouth_Chin.jpg,1
data/cloth-mask/4126.png,0
data/surgical-mask/02079_Mask.jpg,4
data/improper-mask/01121_Mask_Mouth_Chin.jpg,1
data/improper-mask/01045_Mask_Mouth_Chin.jpg,1
data/improper-mask/01193_Mask_Mouth_Chin.jpg,1
data/surgical-mask/02055_Mask.jpg,4
data/improper-mask/01308_Mask_Mouth_Chin.jpg,1
data/cloth-mask/cloth32.jpeg,0
data/n95-mask/0DJY861XESO9BMAKQI53.jpg,2
data/no-mask/00422.png,3
data/surgical-mask/02154_Mask.jpg,4
data/surgical-mask/02182_Mask.jpg,4
data/surgical-mask/02192_Mask.jpg,4
data/no-mask/00474.png,3
data/no-mask/00371.png,3
data/no-mask/00502.png,3
data/no-mask/00431.png,3
data/surgical-mask/02068_Mask.jpg,4
data/improper-mask/01053_Mask_Mouth_Chin.jpg,1
data/cloth-mask/3452.png,0
data/improper-mask/01165_Mask_Mouth_Chin.jpg,1
data/no-mask/00452.png,3
data/no-mask/00372.png,3
data/surgical-mask/02070_Mask.jpg,4
data/n95-mask/0274.jpg,2
data/no-mask/00419.png,3
data/improper-mask/01005_Mask_Mouth_Chin.jpg,1
data/surgical-mask/02054_Mask.jpg,4
data/surgical-mask/02123_Mask.jpg,4
data/cloth-mask/3442.png,0
data/cloth-mask/3450.png,0
data/no-mask/00336.png,3
data/improper-mask/01264_Mask_Nose_Mouth.jpg,1
data/no-mask/00314.png,3
data/improper-mask/01077_Mask_Mouth_Chin.jpg,1
data/no-mask/00451.png,3
data/surgical-mask/02179_Mask.jpg,4
data/surgical-mask/02299_Mask.jpg,4
data/improper-mask/01183_Mask_Nose_Mouth.jpg,1
data/no-mask/00526.png,3
data/surgical-mask/02270_Mask.jpg,4
data/surgical-mask/02167_Mask.jpg,4
data/no-mask/00282.png,3
data/no-mask/00478.png,3
data/improper-mask/01296_Mask_Mouth_Chin.jpg,1
data/no-mask/00413.png,3
data/cloth-mask/3665.png,0
data/no-mask/00423.png,3
data/improper-mask/01092_Mask_Mouth_Chin.jpg,1
data/surgical-mask/02064_Mask.jpg,4
data/surgical-mask/02196_Mask.jpg,4
data/surgical-mask/02135_Mask.jpg,4
data/cloth-mask/3749.png,0
data/cloth-mask/cloth31.jpg,0
data/no-mask/00275.png,3
data/surgical-mask/02272_Mask.jpg,4
data/cloth-mask/2901.png,0
data/n95-mask/2G48TYSFR35A9PX0MKBC.jpg,2
data/cloth-mask/cloth98.jpg,0
data/no-mask/00499.png,3
data/cloth-mask/4439.png,0
data/no-mask/00521.png,3
data/no-mask/00290.png,3
data/no-mask/00365.png,3
data/surgical-mask/02005_Mask.jpg,4
data/surgical-mask/02081_Mask.jpg,4
data/surgical-mask/02184_Mask.jpg,4
data/cloth-mask/cloth34.jpeg,0
data/improper-mask/01035_Mask_Mouth_Chin.jpg,1
data/improper-mask/01316_Mask_Mouth_Chin.jpg,1
data/cloth-mask/cloth49.jpeg,0
data/no-mask/00412.png,3
data/cloth-mask/3387.png,0
data/no-mask/00367.png,3
data/surgical-mask/02136_Mask.jpg,4
data/cloth-mask/2844.png,0
data/surgical-mask/02072_Mask.jpg,4
data/no-mask/00361.png,3
data/surgical-mask/02209_Mask.jpg,4
data/surgical-mask/02029_Mask.jpg,4
data/cloth-mask/2929.png,0
data/improper-mask/01288_Mask_Nose_Mouth.jpg,1
data/cloth-mask/cloth81.jpeg,0
data/no-mask/00368.png,3
data/improper-mask/01090_Mask_Nose_Mouth.jpg,1
data/cloth-mask/3388.png,0
data/cloth-mask/3498.png,0
data/surgical-mask/02110_Mask.jpg,4
data/no-mask/00337.png,3
data/no-mask/00461.png,3
data/no-mask/00374.png,3
data/surgical-mask/02048_Mask.jpg,4
data/surgical-mask/0099.png,4
data/cloth-mask/3157.png,0
data/no-mask/00335.png,3
data/no-mask/00287.png,3
data/surgical-mask/02140_Mask.jpg,4
data/no-mask/00467.png,3
data/surgical-mask/02143_Mask.jpg,4
data/cloth-mask/3113.png,0
data/improper-mask/01255_Mask_Mouth_Chin.jpg,1
data/improper-mask/01250_Mask_Mouth_Chin.jpg,1
data/surgical-mask/02084_Mask.jpg,4
data/improper-mask/01012_Mask_Mouth_Chin.jpg,1
data/surgical-mask/02008_Mask.jpg,4
data/surgical-mask/0054.jpg,4
data/improper-mask/01036_Mask_Mouth_Chin.jpg,1
data/cloth-mask/2922.png,0
data/cloth-mask/cloth96.jpeg,0
data/improper-mask/01102_Mask_Mouth_Chin.jpg,1
data/no-mask/00284.png,3
data/improper-mask/01236_Mask_Mouth_Chin.jpg,1
data/surgical-mask/02169_Mask.jpg,4
data/improper-mask/01097_Mask_Mouth_Chin.jpg,1
data/surgical-mask/02134_Mask.jpg,4
data/surgical-mask/02240_Mask.jpg,4
data/improper-mask/01201_Mask_Mouth_Chin.jpg,1
data/cloth-mask/cloth3.jpeg,0
data/surgical-mask/02057_Mask.jpg,4
data/no-mask/00318.png,3
data/cloth-mask/3711.png,0
data/surgical-mask/02279_Mask.jpg,4
data/no-mask/00393.png,3
data/no-mask/00563.png,3
data/improper-mask/01091_Mask_Mouth_Chin.jpg,1
data/improper-mask/01168_Mask_Mouth_Chin.jpg,1
data/cloth-mask/cloth72.jpeg,0
data/surgical-mask/02139_Mask.jpg,4
data/surgical-mask/02120_Mask.jpg,4
data/cloth-mask/4152.png,0
data/improper-mask/01291_Mask_Mouth_Chin.jpg,1
data/improper-mask/01313_Mask_Mouth_Chin.jpg,1
data/improper-mask/01026_Mask_Mouth_Chin.jpg,1
data/surgical-mask/02301_Mask.jpg,4
data/improper-mask/01142_Mask_Mouth_Chin.jpg,1
data/surgical-mask/02116_Mask.jpg,4
data/cloth-mask/3166.png,0
data/surgical-mask/02198_Mask.jpg,4
data/cloth-mask/0040.jpg,0
data/cloth-mask/3616.png,0
data/surgical-mask/02248_Mask.jpg,4
data/no-mask/00291.png,3
data/cloth-mask/3848.png,0
data/no-mask/00432.png,3
data/improper-mask/01297_Mask_Mouth_Chin.jpg,1
data/cloth-mask/cloth13.jpeg,0
data/improper-mask/01253_Mask_Chin.jpg,1
data/surgical-mask/02129_Mask.jpg,4
data/no-mask/00358.png,3
data/cloth-mask/cloth99.jpg,0
data/no-mask/00442.png,3
data/surgical-mask/02038_Mask.jpg,4
data/no-mask/00507.png,3
data/improper-mask/01176_Mask_Mouth_Chin.jpg,1
data/surgical-mask/02202_Mask.jpg,4
data/surgical-mask/02148_Mask.jpg,4
data/cloth-mask/3997.png,0
data/no-mask/00537.png,3
data/improper-mask/01096_Mask_Nose_Mouth.jpg,1
data/cloth-mask/cloth43.jpeg,0
data/surgical-mask/02194_Mask.jpg,4
data/n95-mask/1058.jpg,2
data/no-mask/00500.png,3
data/no-mask/00312.png,3
data/cloth-mask/cloth67.jpg,0
data/improper-mask/01235_Mask_Mouth_Chin.jpg,1
data/surgical-mask/02075_Mask.jpg,4
data/improper-mask/01270_Mask_Mouth_Chin.jpg,1
data/no-mask/00544.png,3
data/cloth-mask/2992.png,0
data/no-mask/00351.png,3
data/cloth-mask/3755.png,0
data/improper-mask/01185_Mask_Mouth_Chin.jpg,1
data/cloth-mask/3786.png,0
data/surgical-mask/02304_Mask.jpg,4
data/surgical-mask/02155_Mask.jpg,4
data/no-mask/00541.png,3
data/no-mask/00293.png,3
data/surgical-mask/02013_Mask.jpg,4
data/surgical-mask/02065_Mask.jpg,4
data/cloth-mask/cloth92.jpeg,0
data/improper-mask/01144_Mask_Mouth_Chin.jpg,1
data/improper-mask/01049_Mask_Mouth_Chin.jpg,1
data/surgical-mask/02031_Mask.jpg,4
data/cloth-mask/4316.png,0
data/cloth-mask/3400.png,0
data/no-mask/00333.png,3
data/improper-mask/01070_Mask_Nose_Mouth.jpg,1
data/cloth-mask/3099.png,0
data/no-mask/00420.png,3
data/n95-mask/000 2.jpg,2
data/surgical-mask/02018_Mask.jpg,4
data/no-mask/00334.png,3
data/no-mask/00407.png,3
data/cloth-mask/cloth10.jpeg,0
data/surgical-mask/02243_Mask.jpg,4
data/improper-mask/01024_Mask_Mouth_Chin.jpg,1
data/cloth-mask/3285.png,0
data/no-mask/00459.png,3
data/surgical-mask/02097_Mask.jpg,4
data/surgical-mask/02312_Mask.jpg,4
data/improper-mask/01155_Mask_Mouth_Chin.jpg,1
data/improper-mask/01249_Mask_Mouth_Chin.jpg,1
data/no-mask/00373.png,3
data/cloth-mask/cloth71.jpeg,0
data/surgical-mask/0091.jpg,4
data/cloth-mask/4288.png,0
data/surgical-mask/0015.jpg,4
data/cloth-mask/cloth70.jpeg,0
data/surgical-mask/02208_Mask.jpg,4
data/improper-mask/01315_Mask_Mouth_Chin.jpg,1
data/improper-mask/01055_Mask_Mouth_Chin.jpg,1
data/surgical-mask/02017_Mask.jpg,4
data/n95-mask/0888.jpg,2
data/surgical-mask/02172_Mask.jpg,4
data/cloth-mask/cloth21.jpeg,0
data/cloth-mask/3839.png,0
data/no-mask/00356.png,3
data/cloth-mask/3748.png,0
data/surgical-mask/0048.jpg,4
data/surgical-mask/02245_Mask.jpg,4
data/improper-mask/01001_Mask_Mouth_Chin.jpg,1
data/no-mask/00384.png,3
data/cloth-mask/cloth86.jpg,0
data/surgical-mask/02238_Mask.jpg,4
data/cloth-mask/3328.png,0
data/surgical-mask/02096_Mask.jpg,4
data/improper-mask/01013_Mask_Mouth_Chin.jpg,1
data/surgical-mask/02253_Mask.jpg,4
data/surgical-mask/02203_Mask.jpg,4
data/improper-mask/01134_Mask_Chin.jpg,1
data/surgical-mask/02056_Mask.jpg,4
data/cloth-mask/3615.png,0
data/improper-mask/01285_Mask_Mouth_Chin.jpg,1
data/surgical-mask/02294_Mask.jpg,4
data/cloth-mask/4421.png,0
data/cloth-mask/3609.png,0
data/surgical-mask/02241_Mask.jpg,4
data/cloth-mask/3455.png,0
data/improper-mask/01248_Mask_Mouth_Chin.jpg,1
data/improper-mask/01299_Mask_Mouth_Chin.jpg,1
data/improper-mask/01065_Mask_Mouth_Chin.jpg,1
data/no-mask/00378.png,3
data/no-mask/00352.png,3
data/surgical-mask/02271_Mask.jpg,4
data/no-mask/00447.png,3
data/cloth-mask/3507.png,0
data/no-mask/00417.png,3
data/surgical-mask/02278_Mask.jpg,4
data/surgical-mask/02083_Mask.jpg,4
data/no-mask/00328.png,3
data/improper-mask/01060_Mask_Mouth_Chin.jpg,1
data/no-mask/00511.png,3
data/no-mask/00480.png,3
data/no-mask/00340.png,3
data/cloth-mask/4408.png,0
data/improper-mask/01145_Mask_Nose_Mouth.jpg,1
data/surgical-mask/02027_Mask.jpg,4
data/surgical-mask/02051_Mask.jpg,4
data/surgical-mask/02104_Mask.jpg,4
data/surgical-mask/02052_Mask.jpg,4
data/improper-mask/01056_Mask_Mouth_Chin.jpg,1
data/no-mask/00381.png,3
data/improper-mask/01043_Mask_Nose_Mouth.jpg,1
data/cloth-mask/cloth63.jpeg,0
data/no-mask/00341.png,3
data/improper-mask/01105_Mask_Mouth_Chin.jpg,1
data/improper-mask/01002_Mask_Mouth_Chin.jpg,1
data/improper-mask/01314_Mask_Mouth_Chin.jpg,1
